BABA Alibaba Group Holding Ltd. Filingshttps://t.co/1Fg7My6iOE$BABA $QUNR $FXE $EBAY #BABA #investing #investing;Neutral
FB Facebook, Inc. Openhttps://t.co/DPTIXtFkyD$FB $IEF $EBAY $XLF #FB #stockmarket #invest;Neutral
YamasutaTrader: $EBAY - BUY Signal at 28.77 on Nov 19, 15 By https://t.co/aUgveFGWYc, Trading Signals Robot #stock… https://t.co/X3n8d6GPom;Neutral
EBAY Electronic Cigarettes Intl Group, Ltd. Day Lowhttps://t.co/IyatIMK1Hu$EBAY $ZG $FSIC $DD #EBAY #investing #stockmarket;Neutral
UUP Visa Inc. Dividendhttps://t.co/eWMxi8lpCq$UUP $LXRX $DUG $EBAY #UUP #nasdaq #pennystocks;Neutral
Which Top 5 Retail Stocks Are In Or Near The Zone?$AMZN $STMP $EBAY $PYPL $BABA $VIPS $QRLY $AZO $MNRO https://t.co/Yk2nTZJvws;Neutral
LNG Cheniere Energy, Inc. Market Caphttps://t.co/iIzsYIQysU$LNG $EBAY $FXE $AAPL #LNG #stock #share;Neutral
Accelerating Into Truck Hero's #IPO $TRUK https://t.co/u6WAwPtCut $AMZN $EBAY #venturecapital #alternativeinvestment;Neutral
10 stock alerts for $9.99  $goog $bby $bbby $CFN $ebay https://t.co/7YSQq0HM66;Neutral
USO United States Oil Fund, LP EOD Datahttps://t.co/82TImF6fih$USO $EBAY $LUV $JEC #USO #tradeideas #pennystocks;Neutral
GAS AGL Resources, Inc. E.P.S.https://t.co/2L5VVxPk1O$GAS $NFLX $EBAY $FDN #GAS #invest #stockmarket;Neutral
10 stock alerts for $9.99  $goog $bby $bbby $CFN $ebay https://t.co/Pm1mV1ijG2;Neutral
$EBAY could be headed higher @ https://t.co/rZMuQqHgmX - #NASDAQ, #sourcingstocks, #TFT https://t.co/jpRsd3awv2;Bullish
NVDA Opus Bank Ideashttps://t.co/svCVAGf6NR$NVDA $EBAY $GD $ACHN #NVDA #investing #nasdaq;Neutral
$EBAY:US One way to avoid eBay pitfalls: sell on smartphone apps instead #EBAY INC  https://t.co/9D8poGoAKt #SP500;Bearish
10 stock alerts for $9.99  $goog $bby $bbby $CFN $ebay https://t.co/gPrmgO5IjY;Neutral
NEM Newmont Mining Corp. Bidhttps://t.co/daYy47tXTh$NEM $RGLS $XLV $EBAY #NEM #share #investing;Neutral
$EBAY:Stock Update: eBay Inc. (NASDAQ:EBAY):https://t.co/xSqP06yam2;Neutral
#eBay &amp 4 Great E-Commerce #Stocks to Buy for Holiday Season $AMZN $EBAY Also $STMP $NILE $TVPT https://t.co/V8TD3gDJuu;Neutral
EWU United Kingdom iShares Ideashttps://t.co/kq0hoOmxFy$EWU $P $EBAY $TTCM #EWU #tradeideas #stocks;Neutral
NBR Nabors Industries, Inc. P/E Ratiohttps://t.co/MfdwnnGm5Q$NBR $EBAY $UNG $CLX #NBR #tradeideas #stockmarket;Neutral
https://t.co/qQ9rcCwIfs I tripled my income with These 7 Amazing Video Lessons!!! $HRTX $EBAY $NAV;Neutral
Etsy: Overpriced And Departing From Business Ethos -https://t.co/eO7pQrGVa4  $ETSY $AMZN $EBAY #sales #BlackFriday;Neutral
$EBAY could be headed higher @ https://t.co/rZMuQqHgmX - #NASDAQ, #sourcingstocks, #TFT https://t.co/tqjgoiIqGI;Bullish
EBAY eBay, Inc. Volumehttps://t.co/5u3BMXrSqj$EBAY $ANF $TMV $JBLU #EBAY #tradeideas #invest;Neutral
ANW Aegean Marine Petroleum Network, Inc. Changehttps://t.co/35vgBcdRJ8$ANW $EWJ $NATI $EBAY #ANW #invest #investing;Neutral
SPXL Sorrento Therapeutics, Inc. Prev Closehttps://t.co/9qrkLyTiAY$SPXL $ALIM $DIS $EBAY #SPXL #tradeideas #nasdaq;Neutral
EBAY eBay, Inc. Newshttps://t.co/qStOOVcYSR$EBAY $JD $SBUX $ZDM.TO #EBAY #pennystocks #invest;Neutral
https://t.co/LMOSTSByuu Connor is brilliant trader and teacher! $MACK $VRX $EBAY $SKX $EAC;Neutral
RT @costapennies: $EBAY could be headed higher @ https://t.co/rZMuQqHgmX - #NASDAQ, #sourcingstocks, #TFT https://t.co/tqjgoiIqGI;Bullish
DIS Walt Disney Co. Company Infohttps://t.co/lGkYRP8OTj$DIS $EBAY $QIHU $EMC #DIS #stocks #nasdaq;Neutral
USO United States Oil Fund, LP EOD Datahttps://t.co/yfyiysGXJo$USO $GRCU $P $EBAY #USO #invest #finance;Neutral
WMIH Wal-Mart Stores, Inc. Volumehttps://t.co/4asXbQR8Ln$WMIH $WMIH $EVLV $EBAY #WMIH #stockmarket #invest;Neutral
barronsonline: Our angle on the #SquareIPO: https://t.co/9Z4zfSo9XX $SQ $PAY $EBAY $PYPL $AAPL $V $MC via barronstechblog;Neutral
$EBAY:US One way to avoid eBay pitfalls: sell on smartphone apps instead #EBAY INC  https://t.co/7HsrxVxAQ8 #NASDAQ;Bearish
VAPE Vanguard GNMA Fund Message Board Postshttps://t.co/bHXK6Hdejh$VAPE $SWKS $SPXL $EBAY #VAPE #nasdaq #stockmarket;Neutral
VRSN VeriSign, Inc. Openhttps://t.co/PUPvqJiFSU$VRSN $EBAY $XLF $HAL #VRSN #pennystocks #stockmarket;Neutral
EBAY eBay, Inc. Stock Forumhttps://t.co/d9jP6ShSDO$EBAY $SBUX $PSX $_AJG #EBAY #finance #invest;Neutral
RT @bosocial: Accelerating Into Truck Hero's #IPO $TRUK https://t.co/mQniRdeMIA $AMZN $EBAY #venturecapital #alternativeinvestm… https://t.…;Neutral
VTI Vanguard Total Stock Market ETF Company Infohttps://t.co/kbpCLL4Dgo$VTI $GOOG $EBAY $GES #VTI #investing #invest;Neutral
Our angle on the #SquareIPO: https://t.co/9EzINa6Yoh $SQ $PAY $EBAY $PYPL $AAPL $V $MC via @barronstechblog;Neutral
RT @MISkycar: Saluting great #NorCal #Tech Cos including: $AAPL $GOOG $TSLA $CRM $FB $INTC $TWTR $ADBE $ADSK $CSCO $NFLX $EBAY $DNA $HPQ $O…;Bullish
RT @costapennies: $EBAY could be headed higher @ https://t.co/rZMuQqHgmX - #NASDAQ, #sourcingstocks, #TFT https://t.co/jpRsd3awv2;Bullish
FXI iShares FTSE China 25 Index Fund Summaryhttps://t.co/9TIofIviix$FXI $V $IPO $EBAY #FXI #share #stocks;Neutral
UNG United States Natural Gas Fund Stock Forumhttps://t.co/Br32CbdJIZ$UNG $XBI $IBM $EBAY #UNG #stockmarket #finance;Neutral
EBAY eBay, Inc. Bid Sizehttps://t.co/cLhktK89OH$EBAY $FTNT $SSNC $GS #EBAY #share #stock;Neutral
XLE Energy Select Sector SPDR Exchangehttps://t.co/XirHNDtq99$XLE $DE $PBR $EBAY #XLE #nasdaq #pennystocks;Neutral
NFLX Netflix, Inc. Bid Sizehttps://t.co/gMiQQcFRnJ$NFLX $VNET $EBAY $AMGN #NFLX #stocks #stock;Neutral
EBAY eBay, Inc. Investor Opinionshttps://t.co/dnPchWNhes$EBAY $ISRG $MMM $ELNK #EBAY #nasdaq #stocks;Neutral
RT @stock_forums: EBAY EnerCare Inc. Newshttps://t.co/lat0KwaVwB$EBAY $WMT $DBC $RXMD #EBAY #pennystocks #stock;Neutral
Accelerating Into Truck Hero's #IPO $TRUK https://t.co/mQniRdeMIA $AMZN $EBAY #venturecapital #alternativeinvestm… https://t.co/IFXe4VLiF2;Neutral
$EBAY:US One way to avoid eBay pitfalls: sell on smartphone apps instead #EBAY INC  https://t.co/KtaZS8lZ0F #NASDAQ;Bearish
$EBAY:US One way to avoid eBay pitfalls: sell on smartphone apps instead #EBAY INC  https://t.co/W2aA6sRJdM #SP500;Bearish
XME SPDR S&ampP Metals &amp Mining Index EOD Datahttps://t.co/O5Z504yr9O$XME $EBAY $EEM $IWF #XME #investing #stock;Neutral
NPTN NeoPhotonics Corp. Newshttps://t.co/zr50h8orsw$NPTN $EBAY $BECN $GOGL #NPTN #stock #stock;Neutral
EBAY EnerCare Inc. Newshttps://t.co/lat0KwaVwB$EBAY $WMT $DBC $RXMD #EBAY #pennystocks #stock;Neutral
10 stock alerts for $9.99  $goog $bby $bbby $CFN $ebay https://t.co/rpNVKlyjyq;Neutral
EBAY eBay, Inc. EOD Datahttps://t.co/PXpShrRU3i$EBAY $RGLS $GPRO $YINN #EBAY #stocks #pennystocks;Neutral
Sign up for a Free Stock Alert for $EBAY https://t.co/nvBHKvwf8T  $$ #stock #investing;Bullish
EBAY eBay, Inc. Exchangehttps://t.co/xLFK3uSA8F$EBAY $SYY $AA $AIR #EBAY #invest #invest;Neutral
XEEAX European Equity Fund Stock Forumhttps://t.co/CSxw0Ho0wb$XEEAX $ADBE $EBAY $XLE #XEEAX #stocks #share;Neutral
CLBS Caladrius Biosciences, Inc. Current Pricehttps://t.co/e0iV8NhynS$CLBS $EXPD $AVXL $EBAY #CLBS #nasdaq #finance;Neutral
FDN First Trust Dow Jones Internet Index Fund Tickhttps://t.co/7vOcILuLQV$FDN $FRPT $EBAY $OIL #FDN #nasdaq #finance;Neutral
$EBAY - BUY Signal at 28.77 on Nov 19, 15 By https://t.co/6PpjiKmc9G, Trading Signals Robot #stock #trading #trade #investing;Neutral
RT @clayton_dd: BABA Alibaba Group Holding Ltd. Filingshttps://t.co/1Fg7My6iOE$BABA $QUNR $FXE $EBAY #BABA #investing #investing;Neutral
VG Vonage Holdings Corp. Investor Opinionshttps://t.co/hRwlMdirod$VG $FDN $EBAY $EWY #VG #invest #invest;Neutral
TLT iShares Barclays 20+ Year Treasury Bond Fund Askhttps://t.co/51nZgtHMTB$TLT $JNPR $NDL.IN $EBAY #TLT #nasdaq #stock;Neutral
EBAY eBay, Inc. 52Wk Lowhttps://t.co/6oGeuDwRQV$EBAY $UGAZ $BIIB $SAP #EBAY #stockmarket #tradeideas;Neutral
RT @TheStreet: $EBAY and four other stocks hedge funds hated in the third quarter https://t.co/oUFbmlG9Mf via @LKulikowski;Neutral
EBAY iShares MSCI Emerging Markets Day Lowhttps://t.co/J88coKR4aH$EBAY $GMCR $ALSK $LATX #EBAY #invest #invest;Neutral
AEP American Elec Pwr Co., Inc. E.P.S.https://t.co/xMsIjNHQWY$AEP $TLT $LNKD $EBAY #AEP #share #stocks;Neutral
10 stock alerts for $9.99  $goog $bby $bbby $CFN $ebay https://t.co/gGJR8ULpYW;Neutral
SEDG SolarEdge Technologies, Inc. Stock Message Boardhttps://t.co/5D5qW9oV7i$SEDG $XLE $IBB $EBAY #SEDG #stockmarket #finance;Neutral
RT @IHNASDAQOMX: VAPE Vanguard GNMA Fund Message Board Postshttps://t.co/bHXK6Hdejh$VAPE $SWKS $SPXL $EBAY #VAPE #nasdaq #stockmarket;Neutral
