I don't even like/use #windows, but I like the stock $msft https://t.co/7ydMz4r5wA
Access curated tweets- high relevancy, less spam- US Tech Giants https://t.co/kdZSg01UFl $AAPL $GOOGL $MSFT $FB $TWTR
#optionstrading: $MSFT ex-dividend, $PFE calls, $HD &amp $WMT earnings, $STZ to buy craft brew https://t.co/AcWIocEom4 https://t.co/0gX17aXVBg
You could be paying 5x higher spreads for US Tech Giants https://t.co/F3popAHoym $AAPL $GOOG $MSFT $FB $TWTR #spreadbetting #cfd
.@Microsoft forms #Enterprise #Cybersecurity Group, preps new Azure security tools https://t.co/gtDErI50zO $MSFT
@AzureSupport Thanks $MSFT. I love you guys &lt3
RT @1patricksanders: These 4 stocks are riding hot streaks! Via @Recognia_Peter and @USNewsMoney $GE $AMZN $MSFT $KLAC https://t.co/C7wTaCI…
I don't even like/use #windows, but I like the stock $msft https://t.co/3nkAJWEpQs
Analyst pans competing products, says buy Fitbit $FIT $MSFT $SNE $AAPL $GRMN $TGT $BCS: Full Story https://t.co/WSlwTLMwUF
Microsoft forms Enterprise Cybersecurity Group, preps new Azure security tools https://t.co/UUjejUMuHD $MSFT
.@Microsoft forms #Enterprise #Cybersecurity Group, preps new Azure security tools https://t.co/aPbdXFU89u $MSFT
The cloud wars explained: Why nobody can catch up with Amazon https://t.co/oG2wyboqDz via @bi_enterprise $AMZN $GOOG $IBM $MSFT
Why $MSFT Is The Better Investment? https://t.co/M6uiSP9ikg$MSFT is up more than 14% since this bullish forecast publication a month ago.
You may be paying much higher spreads for US Tech Giants https://t.co/ejnfxhKYFS $AAPL $GOOG $MSFT $FB $TWTR #spreadbetting #cfd
RT @activiststocks: JANA Partners top 3 $QCOM $CAB $WBA dumps all $URI -83% of $RAX pos -28% $LGF pos sold all $PF new $MSFT 9th large…
I don't even like/use #windows, but I like the stock $msft https://t.co/vSh5ESUOAc
Microsoft forms Enterprise Cybersecurity Group, preps new Azure security tools https://t.co/UPTJjz5kJy $MSFT
$MSFT News: "Microsoft forms Enterprise Cybersecurity Group, preps new Azure…" https://t.co/yYnVx2472J  Analyze: https://t.co/eePdGDZvF7
Why $MSFT Is The Better Investment? https://t.co/uQuWQdmpfg$MSFT is up more than 14% since this bullish forecast publication a month ago.
I don't even like/use #windows, but I like the stock $msft https://t.co/XqbCdf6aHa
Microsoft forms Enterprise Cybersecurity Group, preps new Azure security tools https://t.co/7Q32nGB2Ul $MSFT
RT @FoxonStocks: $MSFT is smiling!! Getting long @ these extreme levels. Why? Im in dire need for correlation https://t.co/VcqTLuSsGx https…
Volume Alert - MSFT 53.11 Microsoft Corp $MSFT Hit a high today of 53.53 Closing the day 10:30 at 53.11 -0.65  https://t.co/2j4hLKIh8d
Access curated tweets- high relevancy, less spam- US Tech Giants https://t.co/nFWHlYEtXV $AAPL $GOOGL $MSFT $FB $TWTR
$MSFT News: "Microsoft forms Enterprise Cybersecurity Group, preps new Azure…" https://t.co/RAeV3NHuqO  Analyze: https://t.co/CFIQRh0Cij
I don't even like/use #windows, but I like the stock $msft https://t.co/FJRqkngsKt
Microsoft forms Enterprise Cybersecurity Group, preps new Azure security tools https://t.co/fLffhy9X0X $MSFT
Sign up for a Free Stock Alert for $MSFT https://t.co/6Z1MIMep7r  $$ #stock #investing
.@Microsoft forms #Enterprise #Cybersecurity Group, preps new Azure security tools https://t.co/cpa4fYS4zg $MSFT
Access curated tweets- high relevancy, less spam- US Tech Giants https://t.co/kdZSg01UFl $AAPL $GOOG $MSFT $FB $TWTR
Why $MSFT Is The Better Investment? https://t.co/DpBcLvLp1d$MSFT is up more than 14% since this bullish forecast publication a month ago.
@google article, 2004: "Hold on to your money or buy Microsoft." $GOOG +1300%, $MSFT +93%  https://t.co/MORDS4WkRc https://t.co/NwVpqyQGgc
if we rank by talent, then Alphabet/Google is best positioned to innovate at scale $GOOG $AAPL $AMZN $MSFT $FB $YHOO https://t.co/M2Xe8DgU9Z
Sign up for a Free Stock Alert for $MSFT https://t.co/dn67RXbzhK  $$ #stock #investing
Windows 10 looks like a huge hit with Microsoft’s most important customers https://t.co/Jm9RsEWAKM $MSFT
Where fact &amp fiction collide - Check out new fan sci-fi fan faction inspired by $MSFT solutions https://t.co/PFKQvGTU1z #UpgradeYourWorld
$MSFT Microsoft forms Enterprise Cybersecurity Group, preps new Azure security tools: Microsoft forms Enterpr... https://t.co/zYB8zksz9O
Why $MSFT Is The Better Investment? https://t.co/bRVg66j9Z4$MSFT is up more than 14% since this bullish forecast publication a month ago.
We are a long way from the #SteveBallmer days, as $MSFT and $RHT have now shaken #OpenSource hands
Access curated tweets- high relevancy, less spam- US Tech Giants https://t.co/wCbznxF8oJ $AAPL $GOOGL $MSFT $FB $… https://t.co/6GtxeYO85j
"Can't say I'm serious abt security w/o exercising the regimen of keeping security top of mind every second"- $MSFT https://t.co/Px9cWlmsXw
It's hilarious when media outlets report that hedge funds have slashed holdings in $AAPL or $MSFT. It's Nov profit taking ahead of year end!
Microsoft forms Enterprise Cybersecurity Group, preps new Azure security tools https://t.co/ZWTkOZvXBC $MSFT #Azure #Office365
Microsoft forms Enterprise Cybersecurity Group, preps new Azure security tools $MSFT https://t.co/Jke6sLIqu4
Analyst pans competing products, says buy Fitbit $FIT $MSFT $SNE $AAPL $GRMN $TGT $BCS: Full Story https://t.co/9O2Svfn96S
RT @CBOE_TV: #optionstrading: $MSFT ex-dividend, $PFE calls, $HD &amp $WMT earnings, $STZ to buy craft brew https://t.co/AcWIocEom4 https://t.…
if we rank by talent, then Alphabet/Google is best positioned to innovate at scale $GOOG $AAPL $AMZN $MSFT $FB $YH… https://t.co/NaVlpDUgOm
Why $MSFT Is The Better Investment? https://t.co/u8MWUbc8WU$MSFT is up more than 14% since this bullish forecast publication a month ago.
RT @cldstrategies: Microsoft forms Enterprise Cybersecurity Group, preps new Azure security tools https://t.co/ZWTkOZvXBC $MSFT #Azure #Off…
You could be paying 5x higher spreads for US Tech Giants https://t.co/ejnfxhKYFS $AAPL $GOOG $MSFT $FB $TWTR #spreadbetting #cfd
Access curated tweets- high relevancy, less spam- US Tech Giants https://t.co/nFWHlYEtXV $AAPL $GOOGL $MSFT $FB $… https://t.co/ytfo24R3Lv
I would really like to see the Market Illuminati fill the gaps on $MSFT and $MCD
$MSFT was one of the most bullish stocks on Twitter over the past month. https://t.co/yFJrD0y4cI
$RHT $BIDU $MSFT Blue arrow alert list Inside week, watch for break above prior week high https://t.co/pN1nQUDA8F
I don't even like/use #windows, but I like the stock $msft https://t.co/TLv7vXp31S
Why $MSFT Is The Better Investment? https://t.co/D0e3Bc6klw$MSFT is up more than 14% since this bullish forecast publication a month ago.
Buffett bolts from herd in bet on Big Blue https://t.co/V24kQMPcc8 $IBMMy advice: Not too late to buy $AAPL or $MSFT or GOOGL as better b…
Buffett bolts from herd in bet on Big Blue https://t.co/zaBlrHm3E9 $IBMMy advice: Not too late to buy $AAPL or $MSFT or GOOGL as better bet
